{"cameraMode":{"drawMode":0,"name":"Shaded","section":"Shading Mode"},"sceneLighting":true,"audioPlay":false,"sceneViewState":{"showFog":true,"showMaterialUpdate":false,"showSkybox":true,"showFlares":true,"showImageEffects":true,"showParticleSystems":true},"in2DMode":false,"pivot":{"x":-1.8248639106750489,"y":-0.0386042594909668,"z":2.6805758476257326},"rotation":{"x":-0.12502354383468629,"y":0.8177680373191834,"z":-0.1939001828432083,"w":-0.5272830128669739},"size":11.411661148071289,"orthographic":false}